Sample,RBC1,RBC2,RBC3,RBC4,RBC5,RBC6,platelets1,platelets2,platelets3,platelets4,platelets5,platelets6
hsa-let-7a,23.80,24.33,23.95,23.94,24.25,24.44,11.53,12.78,11.31,13.60,11.62,11.51
hsa-let-7a*,8.70,12.20,11.11,10.40,12.99,12.92,7.15,7.24,5.50,6.98,6.99,6.91
hsa-let-7a-2*,,,,,,,,,,,,
hsa-let-7b,23.97,24.55,24.02,24.22,24.35,24.41,13.26,13.72,12.96,13.98,12.57,12.83
hsa-let-7b*,10.26,11.75,11.15,11.65,12.01,11.83,8.49,7.93,7.21,8.67,6.36,8.54
hsa-let-7c,18.51,20.22,19.75,17.30,20.09,20.55,8.59,10.17,8.46,10.66,9.06,8.76
hsa-let-7c*,,,,,,,,,,,,
hsa-let-7d,21.15,21.82,21.35,21.27,21.55,22.00,9.82,11.72,9.68,12.11,10.35,10.08
hsa-let-7d*,12.56,15.88,15.16,13.78,15.82,15.98,11.99,12.65,11.17,13.27,11.70,11.86
hsa-let-7e,17.03,16.96,16.73,17.21,16.87,17.25,8.95,10.08,8.43,10.96,8.88,7.26
hsa-let-7f,23.74,24.26,23.98,23.98,24.32,24.51,12.63,13.78,12.05,14.20,12.50,12.88
hsa-let-7f-1*,10.23,11.74,10.83,11.36,12.20,12.06,6.88,7.67,7.14,8.54,6.83,7.85
hsa-let-7f-2*,8.40,11.76,10.68,9.88,12.28,12.26,6.64,7.97,6.34,7.81,6.73,6.75
hsa-let-7g,23.70,24.42,24.00,23.87,24.30,24.76,13.32,14.09,12.11,14.39,12.77,12.89
hsa-let-7g*,10.74,13.99,13.34,9.45,13.39,14.18,,5.19,,,,
hsa-let-7i,21.57,22.38,21.80,21.87,22.24,22.41,11.66,12.34,10.47,12.88,11.11,11.20
hsa-let-7i*,12.60,14.93,14.89,13.11,14.52,15.60,5.64,6.95,,5.09,6.54,
hsa-miR-1,6.33,8.20,7.92,6.78,7.79,7.95,7.59,9.22,7.29,7.96,7.38,5.58
hsa-miR-100,14.56,9.47,13.72,9.91,14.59,16.54,,,,,,
hsa-miR-100*,,,,,,5.10,,,,,,
hsa-miR-101,24.18,24.90,24.61,24.83,24.83,24.96,14.41,14.96,13.34,15.60,13.84,14.21
hsa-miR-101*,10.35,14.37,13.61,11.68,14.29,14.09,,,,,,
hsa-miR-103,22.87,24.52,24.07,23.21,24.60,24.62,15.23,16.06,14.54,16.50,14.85,14.83
hsa-miR-103,22.69,24.47,23.94,23.49,24.25,24.53,15.09,16.06,14.21,16.50,15.18,14.69
hsa-miR-103-2*,15.13,17.01,16.77,16.04,16.85,17.12,8.66,9.21,7.96,9.63,8.66,8.85
hsa-miR-103-as,,,,5.23,,,,,,,,
hsa-miR-105,,,,,,,,,,,,
hsa-miR-105*,,,,,,,,,,,,
hsa-miR-106a,24.89,24.97,24.75,25.19,25.14,25.49,15.83,15.82,15.24,17.67,15.08,15.95
hsa-miR-106a*,,5.57,,5.88,6.64,6.35,,,,,,
hsa-miR-106b,22.37,22.78,22.22,22.58,22.54,23.00,10.63,11.72,9.26,12.39,10.82,9.98
hsa-miR-106b*,14.81,14.64,14.63,15.16,15.03,15.19,9.30,9.92,9.49,11.32,8.96,9.55
hsa-miR-107,22.08,23.86,23.32,22.74,23.77,23.97,14.51,15.70,13.44,15.83,14.17,13.97
hsa-miR-10a,9.30,10.12,9.08,10.07,10.88,9.53,6.98,7.90,6.27,6.98,6.65,5.92
hsa-miR-10a*,,,,,,,,,,,,
hsa-miR-10b,,,,,,,,5.45,,5.50,,
hsa-miR-10b*,,,,,,,,,,,,
hsa-miR-1178,6.05,,5.94,5.68,5.10,5.24,,,,,,
hsa-miR-1179,11.59,11.45,11.42,11.19,11.49,11.37,,5.42,,5.88,,
hsa-miR-1181,,6.23,5.09,,6.89,7.09,,,,,,
hsa-miR-1182,,,,,,,,,,,,
hsa-miR-1183,,,,,,5.06,,,,,,
hsa-miR-1184,,,,,,,,,,,,
hsa-miR-1185,,,,,,,,,,,,
hsa-miR-1200,,,,,,,,,,,,
hsa-miR-1201,5.84,9.22,8.60,8.51,8.23,6.46,,,,,,
hsa-miR-1203,,,,,,,,,,,,
hsa-miR-1204,,,,,,,,,,,,
hsa-miR-1205,,,,,,,,,,,,
hsa-miR-1206,,,,,,,,,,,,
hsa-miR-1207-5p,6.79,10.25,9.96,7.97,10.19,9.89,,,,,,
hsa-miR-1208,,,,,,,5.92,,,,,
hsa-miR-122,,6.13,,5.20,5.46,5.43,7.44,9.30,7.66,7.79,5.48,7.46
hsa-miR-122*,,,,,,,,,,,,
hsa-miR-1224-3p,,,9.26,,10.03,9.89,,,,,6.06,
hsa-miR-1227,11.07,11.40,10.94,11.51,10.98,11.20,,,,,,
hsa-miR-1236,9.37,8.19,8.30,9.06,8.43,8.60,,,,,,
hsa-miR-1237,6.75,7.96,6.18,5.66,7.00,6.77,,,,,,
hsa-miR-1238,7.30,7.66,7.87,7.61,7.41,8.06,,,,,,
hsa-miR-124,,7.04,6.59,5.86,5.57,6.77,,,,,,
hsa-miR-124*,,,,,,,,,,,,
hsa-miR-1243,,,,,,,,,,,,
hsa-miR-1244,,,,,,,,,,,,
hsa-miR-1245,,,,,,,,,,,,
hsa-miR-1247,,,,,,5.37,,,,,,5.01
hsa-miR-1248,,7.34,,5.24,,,,,,,,
hsa-miR-1249,8.72,10.87,11.28,10.59,11.47,12.17,5.93,5.78,,,5.23,5.77
hsa-miR-1252,,,,,,,,,,,,
hsa-miR-1253,,,,,,,,,,,,
hsa-miR-1254,9.70,10.20,10.26,10.56,10.47,10.08,,,,,,
hsa-miR-1255b,11.66,12.35,11.83,11.82,12.61,12.76,,,,,,
hsa-miR-1256,10.59,11.88,10.42,11.12,12.41,11.15,,,,5.62,,
hsa-miR-1258,,,,,,,,,,,,
hsa-miR-1259,,7.35,6.24,5.88,6.01,5.30,,,,,,
hsa-miR-125a-3p,5.07,5.15,,6.58,6.98,5.21,,5.29,,6.25,,
hsa-miR-125a-5p,11.82,13.37,12.80,13.74,13.03,12.16,12.29,12.48,12.18,14.38,11.63,11.04
hsa-miR-125b,16.51,15.57,15.72,14.99,16.55,17.98,8.59,9.33,8.25,9.50,8.30,8.63
hsa-miR-125b-1*,,,,,5.56,5.22,,,,,,
hsa-miR-125b-2*,,5.22,5.34,,5.92,,,,,,,
hsa-miR-126,23.87,24.00,23.31,23.85,24.06,23.73,16.93,17.49,17.05,19.40,16.64,17.27
hsa-miR-126*,21.92,22.10,21.32,21.98,21.95,21.70,15.89,15.83,15.52,18.18,,16.23
hsa-miR-1260,10.99,11.99,10.42,11.06,11.58,10.90,,,5.15,5.76,,
hsa-miR-1263,,,,,,,,,,,,
hsa-miR-1264,,,,,,,,,,,,
hsa-miR-1265,,,,,,,,,,,,
hsa-miR-1266,,5.84,6.71,,7.12,7.18,5.41,5.13,5.99,5.43,6.76,7.23
hsa-miR-1267,,,,,,,,,,,,
hsa-miR-1269,,,,,,,,,,,,
hsa-miR-1270,11.27,12.53,11.42,12.18,12.03,11.50,,,,,,
hsa-miR-1271,9.22,10.03,10.01,9.64,9.63,9.92,,,5.64,,,
hsa-miR-1272,,5.27,,,,,,,,,,
hsa-miR-127-3p,5.36,,7.17,8.09,8.63,5.76,10.25,6.74,10.00,11.38,9.32,8.03
hsa-miR-127-5p,,,,,,,5.19,,,,,
hsa-miR-128,14.47,16.09,15.95,15.20,16.12,16.74,8.28,9.69,6.20,8.85,8.60,7.38
hsa-miR-129*,,,,,,,,,,,,
hsa-miR-129-3p,8.03,7.37,7.12,7.69,7.36,7.15,,,,,,
hsa-miR-129-5p,,7.27,6.54,6.33,5.22,6.84,,,,,,
hsa-miR-1296,7.37,7.95,8.24,8.46,8.42,8.95,5.72,5.46,5.21,6.63,5.13,6.67
hsa-miR-130a,19.08,19.50,19.63,19.03,19.50,19.69,12.34,12.51,11.31,12.07,12.41,11.95
hsa-miR-130a*,,,,,,,,,,,,
hsa-miR-130b,16.10,16.86,16.57,16.96,16.28,17.05,9.36,9.66,8.37,10.27,8.79,9.07
hsa-miR-130b*,13.84,14.29,13.95,14.86,13.80,14.25,7.57,9.24,8.99,11.23,8.10,8.35
hsa-miR-132,15.73,15.82,15.73,16.20,15.58,15.87,8.84,8.09,8.53,10.59,7.84,8.55
hsa-miR-132*,8.76,10.06,10.23,9.84,10.44,10.91,,,,,,
hsa-miR-133a,,7.89,7.55,6.60,7.25,7.33,8.40,9.44,7.86,8.25,7.94,6.81
hsa-miR-133b,,8.42,8.03,6.27,8.13,8.20,9.48,9.82,8.15,8.41,8.48,7.01
hsa-miR-134,7.86,5.39,8.00,8.38,7.58,7.67,10.34,8.20,9.25,11.79,8.55,8.69
hsa-miR-135a,13.89,14.16,14.16,15.14,14.87,14.60,6.32,6.22,,8.13,,5.75
hsa-miR-135a*,,,,,,,,,,,,
hsa-miR-135b,7.04,7.06,7.28,7.95,8.03,7.87,,,,,,
hsa-miR-135b*,,,,,,,,,,,,
hsa-miR-136,,7.91,6.53,6.51,8.13,6.51,9.21,8.72,7.62,8.27,10.56,7.22
hsa-miR-137,,,,,,,,,,,,
hsa-miR-138,5.60,8.44,9.15,8.12,8.69,8.70,,,,,,
hsa-miR-138-1*,,,,,,,,,,,,
hsa-miR-138-2*,,,,,5.15,5.59,,,,,,
hsa-miR-139-5p,8.48,8.99,8.99,10.35,9.23,9.45,10.17,10.10,10.84,14.35,9.86,11.16
hsa-miR-140-3p,22.59,22.74,22.25,22.88,22.57,22.77,12.53,13.03,11.86,13.53,11.97,12.46
hsa-miR-140-5p,17.42,17.42,17.34,17.68,17.62,18.09,10.14,11.17,10.07,13.03,10.41,10.41
hsa-miR-141,13.01,13.44,13.00,13.15,13.67,13.49,7.34,7.74,6.12,9.09,7.07,6.92
hsa-miR-141*,5.88,5.25,5.56,6.17,6.07,6.14,,,,,,5.66
hsa-miR-142-3p,25.13,26.22,25.76,25.72,26.38,26.36,16.15,17.71,15.54,19.12,17.03,15.85
hsa-miR-142-5p,15.69,18.81,17.73,16.63,18.28,19.08,13.54,13.52,11.55,13.81,13.00,13.02
hsa-miR-143,8.23,13.30,10.97,11.60,11.88,10.92,9.31,11.28,9.28,10.92,11.54,11.00
hsa-miR-143*,,,,,,,,,,,,
hsa-miR-144,25.15,27.11,27.01,25.41,26.71,27.47,14.24,14.64,11.25,12.21,12.36,12.10
hsa-miR-144*,22.21,23.13,22.75,22.24,23.11,22.86,8.63,9.73,7.30,9.29,8.21,8.52
hsa-miR-145,9.43,12.85,10.70,12.56,12.28,10.87,10.68,12.07,10.98,13.49,11.73,12.10
hsa-miR-145*,,6.49,,,5.13,,,,,5.19,,
hsa-miR-1468,10.21,9.96,9.87,10.01,10.44,10.49,,5.79,5.09,5.80,,5.61
hsa-miR-146a,14.86,15.23,14.59,14.94,14.90,14.47,12.52,13.29,12.46,14.41,11.98,12.70
hsa-miR-146a*,,,,,,,,5.15,,,,
hsa-miR-146b-3p,7.91,8.14,7.43,7.87,8.58,7.90,,,,,,
hsa-miR-146b-5p,15.54,15.14,15.40,15.57,15.52,15.37,8.26,8.99,8.64,11.41,8.68,8.72
hsa-miR-147,5.96,7.37,5.30,6.86,6.25,7.18,,,,,,
hsa-miR-1471,,5.12,5.39,,5.39,5.88,,,,,,
hsa-miR-147b,,8.12,6.93,5.84,5.89,8.01,,,,,,
hsa-miR-148a,17.13,19.55,18.73,17.79,19.63,19.75,10.14,11.38,9.04,11.80,11.07,9.51
hsa-miR-148a*,6.70,9.00,9.11,8.03,8.77,8.93,,,,,,5.36
hsa-miR-148b,17.45,19.99,18.89,17.99,19.70,19.75,11.71,13.07,10.30,12.80,12.11,11.17
hsa-miR-148b*,14.19,14.19,14.63,14.60,14.22,14.83,,5.76,5.24,6.89,5.02,
hsa-miR-149,5.20,,,,5.04,,,,,,,
hsa-miR-149*,,5.65,,5.84,5.68,5.57,,,,,,
hsa-miR-150,15.30,17.57,16.83,17.29,16.26,15.58,12.65,12.81,10.65,12.95,12.02,11.34
hsa-miR-151-3p,18.87,18.77,17.89,19.04,18.68,18.84,13.33,13.45,13.37,15.60,12.61,13.74
hsa-miR-151-5p,21.21,21.45,20.38,21.12,21.04,21.68,13.51,14.65,13.26,15.97,13.29,13.27
hsa-miR-152,16.00,17.11,16.13,16.29,16.93,16.81,10.83,11.25,10.50,12.91,10.12,10.85
hsa-miR-153,8.47,11.51,11.25,9.89,11.00,12.00,6.35,6.96,6.19,7.40,6.63,6.05
hsa-miR-1537,10.37,14.10,12.99,11.51,13.84,14.26,6.92,7.26,,6.07,7.75,
hsa-miR-1538,6.25,8.25,8.12,8.00,8.10,8.27,,,,5.26,,
hsa-miR-1539,,,,5.17,,,,,,,,
hsa-miR-154,5.92,6.48,7.71,7.53,7.81,6.08,10.32,7.78,9.94,12.08,9.00,8.91
hsa-miR-154*,,,,,,,5.16,,,6.60,,
hsa-miR-155,15.17,15.12,14.58,15.09,14.81,14.79,8.62,9.34,8.58,10.68,7.95,8.77
hsa-miR-155*,,,,,,,,,,,,
hsa-miR-15a,23.85,25.58,25.02,24.56,25.79,26.01,14.80,15.92,13.19,15.25,14.48,13.54
hsa-miR-15a*,9.26,13.04,13.28,10.79,12.65,14.14,,,,,,
hsa-miR-15b,24.75,24.76,24.71,24.90,24.98,25.17,14.85,15.27,14.55,16.85,14.72,15.12
hsa-miR-15b*,18.14,19.27,18.74,18.78,18.84,19.20,9.93,10.10,8.50,11.04,9.69,9.84
hsa-miR-16,29.03,28.48,28.32,28.81,28.85,28.99,18.31,18.12,17.04,19.52,16.93,17.78
hsa-miR-16-2*,13.09,17.31,16.20,13.76,17.44,17.31,9.05,9.50,5.85,8.34,7.67,7.70
hsa-miR-17,21.39,21.78,21.55,21.57,21.81,22.12,12.38,12.43,11.80,14.31,11.97,12.82
hsa-miR-17*,13.47,17.31,16.25,14.88,16.89,17.21,6.68,10.03,8.74,8.54,8.93,7.05
hsa-miR-181a,20.62,20.86,20.60,21.19,20.67,21.18,11.54,13.52,11.22,12.74,11.44,11.78
hsa-miR-181a*,6.90,8.38,6.97,7.22,8.99,8.16,,8.39,6.64,8.53,5.52,6.83
hsa-miR-181a-2*,10.03,9.72,10.41,10.81,10.58,10.53,5.67,7.17,6.57,8.43,,5.86
hsa-miR-181b,13.79,14.18,13.97,14.71,13.92,14.06,7.28,8.40,6.60,9.00,6.37,7.84
hsa-miR-181c,14.36,15.29,14.23,14.58,14.67,14.79,5.63,7.38,5.66,6.68,5.54,5.14
hsa-miR-181c*,6.24,7.26,7.24,7.63,7.77,6.18,8.36,7.80,8.37,8.22,6.67,6.90
hsa-miR-181d,9.17,10.10,8.96,9.97,9.85,9.03,7.51,7.81,6.28,9.08,5.95,6.98
hsa-miR-182,18.58,19.55,19.26,19.79,19.59,19.53,5.67,6.78,5.82,7.84,6.15,6.80
hsa-miR-182*,8.31,10.27,9.98,8.90,9.81,10.49,,,,,,
hsa-miR-183,16.86,17.64,17.34,18.16,17.55,17.65,,,,,,
hsa-miR-183*,7.14,8.22,7.91,8.07,7.64,8.17,,,,,,
hsa-miR-184,6.04,6.36,6.68,6.42,6.62,,,,,,,
hsa-miR-185,24.31,24.55,24.39,25.01,24.42,24.81,14.90,15.12,14.92,16.89,14.52,14.80
hsa-miR-185*,7.60,10.32,9.26,8.80,10.17,10.15,,,,,,
hsa-miR-186,20.85,20.91,20.67,21.10,20.70,21.03,11.76,12.29,11.24,13.14,11.60,11.84
hsa-miR-187,8.09,7.80,5.71,7.02,7.15,7.84,,,,6.02,,
hsa-miR-187*,,,,,,,,,,,,
hsa-miR-188-3p,15.70,14.55,,14.43,15.34,,11.65,15.95,,15.30,16.89,
hsa-miR-188-5p,11.22,13.52,12.82,12.15,12.81,13.14,,,,,,
hsa-miR-18a,20.57,20.91,20.57,21.07,20.78,21.44,11.77,12.03,10.99,14.09,11.22,11.81
hsa-miR-18a*,17.92,18.24,18.01,18.63,18.05,18.58,8.06,8.31,7.40,9.44,7.07,6.74
hsa-miR-18b,21.22,21.36,21.07,21.39,21.22,21.92,12.90,13.06,12.22,14.86,12.08,12.91
hsa-miR-18b*,10.86,7.75,10.78,11.49,10.77,11.53,,,,,,
hsa-miR-190,21.07,21.40,21.10,20.95,21.48,21.34,5.51,7.86,5.24,9.09,5.95,6.60
hsa-miR-1908,9.80,11.38,11.84,11.04,11.74,12.91,8.47,7.87,8.17,9.09,7.77,9.20
hsa-miR-1909,5.17,7.35,6.26,5.62,8.15,6.92,,6.01,,,,
hsa-miR-190b,11.07,11.14,10.61,10.97,10.28,10.54,,,,,,
hsa-miR-191,22.42,22.04,22.38,22.78,22.29,22.60,14.55,14.80,14.72,16.82,13.90,15.05
hsa-miR-191,22.21,22.14,22.17,22.68,22.21,22.35,14.45,14.81,14.51,16.80,14.05,14.84
hsa-miR-191*,9.12,8.54,9.22,9.68,9.20,9.32,,6.94,6.39,8.03,6.43,6.65
hsa-miR-1911,,,,,,,,,,,,
hsa-miR-1911*,,,,,,,,,,,,
hsa-miR-1912,,5.29,,5.73,5.64,7.11,,5.68,,,,
hsa-miR-1913,9.04,11.15,10.39,10.52,11.72,10.61,5.98,5.99,6.45,5.71,6.57,
hsa-miR-1914,5.12,6.29,6.10,,7.46,6.94,,,,,,
hsa-miR-1914*,,,,,,,,,,,,
hsa-miR-192,20.53,20.29,20.02,20.70,20.19,20.55,9.28,9.17,8.55,10.71,8.29,8.58
hsa-miR-192*,13.78,13.38,13.24,13.74,13.45,13.91,,,,,,
hsa-miR-193a-3p,9.11,11.90,10.62,8.10,10.65,11.13,,,,,,
hsa-miR-193a-5p,10.82,10.21,10.13,10.83,10.68,10.58,,,,,,
hsa-miR-193b,8.38,9.89,9.55,9.30,9.76,9.41,,,,,,
hsa-miR-193b*,,6.01,,,5.65,,,,,,,
hsa-miR-194,20.49,20.53,20.55,21.23,20.56,20.49,7.47,8.37,7.13,9.94,6.98,7.74
hsa-miR-194*,7.65,8.02,8.01,8.52,8.05,7.94,,,,,,
hsa-miR-195,13.36,12.62,12.97,13.03,12.67,12.77,8.59,8.96,8.14,11.16,7.65,9.18
hsa-miR-195*,,,,,,,,,,,,
hsa-miR-196a,13.18,12.80,13.25,14.29,13.18,13.30,,5.79,,5.25,,
hsa-miR-196b,17.40,16.80,17.24,17.69,17.33,17.04,6.58,8.77,6.52,9.54,6.93,6.18
hsa-miR-196b*,9.12,10.59,11.09,9.83,10.54,11.48,,,,,,
hsa-miR-197,14.93,15.24,14.73,15.80,15.05,15.17,12.50,11.90,11.80,14.06,11.59,12.79
hsa-miR-1972,5.77,8.46,6.43,6.60,7.68,5.82,,,,7.61,,
hsa-miR-1974,13.98,17.45,16.65,15.74,17.86,16.47,17.73,17.81,17.76,18.33,18.18,18.36
hsa-miR-1979,21.78,22.98,22.01,22.59,22.95,22.23,13.35,14.44,14.19,15.65,14.59,12.28
hsa-miR-198,,,,,,,,,,,,
hsa-miR-199a-3p,11.52,13.02,11.92,12.07,12.84,12.22,12.22,13.94,10.70,13.94,12.79,11.64
hsa-miR-199a-5p,7.27,10.99,9.93,7.71,10.10,10.44,12.85,13.04,10.44,11.46,12.30,11.71
hsa-miR-199b-5p,7.10,11.16,9.29,9.23,10.08,9.93,8.56,9.07,7.05,7.41,7.84,7.99
hsa-miR-19a,22.08,22.53,22.13,22.76,22.97,22.75,12.89,13.35,12.07,14.53,12.79,12.83
hsa-miR-19b,26.04,26.27,26.12,26.20,26.23,26.55,17.27,17.27,16.47,18.45,16.81,17.13
hsa-miR-19b-1*,13.36,13.72,13.41,13.57,13.68,13.92,6.19,5.95,5.16,6.24,6.49,6.84
hsa-miR-19b-2*,6.72,6.78,6.63,6.86,6.71,6.26,,,,,,
hsa-miR-200a,9.41,10.20,9.31,9.29,9.98,10.29,,,,5.54,,
hsa-miR-200a*,,,,,,,,,,,,
hsa-miR-200b,11.15,11.16,10.71,11.23,11.22,11.23,,5.24,5.25,7.43,,
hsa-miR-200b*,6.75,6.63,5.33,,6.59,5.81,,,,,,
hsa-miR-200c,13.96,13.85,13.63,13.99,14.08,14.07,7.95,8.17,8.01,10.03,7.32,7.50
hsa-miR-200c*,,,,,,,,,,,,
hsa-miR-202,7.50,8.39,7.80,7.27,7.71,8.73,,,,,,
hsa-miR-202*,5.76,9.41,7.18,6.54,8.92,9.10,,,,,,
hsa-miR-203,,,,,,,,,,,,
hsa-miR-204,,6.28,,5.77,5.80,,5.56,6.45,,6.59,,6.38
hsa-miR-205,,,,,,,5.23,,,,,
hsa-miR-2053,,,,,,,,,,,,
hsa-miR-206,,,,,,,,,,,,
hsa-miR-208a,,,,,,,,,,,,
hsa-miR-208b,,,,,,,,,,,,
hsa-miR-20a,25.92,25.98,25.55,26.14,25.98,26.15,16.50,16.38,15.58,18.47,15.85,16.55
hsa-miR-20a*,15.79,17.03,16.03,16.10,17.18,17.16,7.23,8.98,6.55,8.38,8.18,5.12
hsa-miR-20b,19.42,19.62,19.41,19.95,19.65,20.14,7.44,8.06,6.91,9.77,6.76,8.02
hsa-miR-20b*,11.71,11.74,11.69,12.72,11.76,12.15,,,,,,
hsa-miR-21,22.80,23.60,23.23,23.02,23.76,23.81,16.37,17.29,16.55,19.00,16.62,16.71
hsa-miR-21*,9.23,11.60,11.56,10.21,11.02,11.98,5.31,6.30,,6.45,6.18,
hsa-miR-210,17.03,18.99,19.61,18.62,19.34,19.80,9.49,9.10,9.15,9.43,8.83,9.66
hsa-miR-211,6.87,7.94,7.28,8.36,7.05,7.05,5.88,,5.56,5.71,,
hsa-miR-2110,15.63,15.72,15.30,16.87,16.01,15.98,7.24,8.25,7.26,9.44,6.48,7.64
hsa-miR-2113,,,,,,,,,,,,
hsa-miR-212,7.39,7.35,7.70,7.95,7.49,8.38,5.50,,,6.81,,
hsa-miR-214,6.40,7.25,7.42,7.68,6.52,5.10,,,,,,
hsa-miR-214*,,,,,,,,,,,,
hsa-miR-215,19.63,19.55,19.30,19.93,19.60,19.87,7.85,7.96,7.07,9.58,7.10,6.87
hsa-miR-216a,,,,,,,,,,,,
hsa-miR-216b,,,,,5.50,,,,,,,
hsa-miR-217,,,5.13,,,,,,,,,
hsa-miR-218,10.01,9.40,9.55,10.93,10.36,10.16,,,,,,
hsa-miR-218-1*,,,,,,,,,,,,
hsa-miR-219-1-3p,5.30,5.81,6.98,7.20,6.42,7.11,,,,,,
hsa-miR-219-2-3p,,,,,,,,,,,,
hsa-miR-219-5p,12.88,13.05,13.76,14.06,14.38,14.15,,8.02,7.11,8.79,6.95,7.67
hsa-miR-22,18.18,20.61,20.13,18.73,20.71,20.54,10.54,12.53,9.34,11.73,11.67,9.79
hsa-miR-22*,13.17,15.77,14.59,13.37,15.86,15.47,7.34,9.67,6.47,8.46,9.10,7.56
hsa-miR-220a,,,,,,,,,,,,
hsa-miR-220b,,,,,,,,,,,,
hsa-miR-220c,,,,,,,,,,,,
hsa-miR-221,12.31,14.96,14.27,13.29,14.66,15.15,15.50,14.94,14.13,15.13,14.42,15.47
hsa-miR-221*,8.00,9.77,9.00,7.60,9.88,9.48,,5.20,,5.64,,
hsa-miR-222,19.35,19.78,19.27,19.84,19.63,20.03,12.70,12.45,11.84,13.09,11.56,12.22
hsa-miR-222*,,,,,,,,,,,,
hsa-miR-223,20.94,21.41,20.35,21.88,21.56,21.01,19.17,19.15,18.46,21.35,18.73,19.15
hsa-miR-223*,12.08,12.45,11.88,12.81,12.67,12.55,8.43,8.01,7.55,10.30,8.61,8.56
hsa-miR-224,,5.61,,,,,,,,5.55,,
hsa-miR-224*,,5.50,5.39,,,,,5.13,5.98,8.87,5.71,5.09
hsa-miR-23a,16.27,17.39,17.05,17.75,17.52,17.28,16.71,16.86,16.27,18.94,16.10,16.79
hsa-miR-23a*,6.02,6.37,7.74,6.99,7.67,6.50,,,,,,
hsa-miR-23b,15.93,16.18,16.18,16.96,16.36,16.36,14.35,14.88,14.42,16.91,14.11,14.59
hsa-miR-23b*,,7.18,6.98,5.73,8.89,8.29,,,,,,
hsa-miR-24,20.26,20.35,20.23,20.65,20.68,20.69,16.59,16.28,15.89,18.64,15.92,16.80
hsa-miR-24-1*,10.03,9.67,9.59,9.96,9.93,9.98,,,,6.46,,
hsa-miR-24-2*,12.76,12.85,12.41,12.89,13.02,12.83,7.86,9.89,7.73,10.11,8.29,7.34
hsa-miR-25,24.46,24.10,23.93,24.62,24.22,24.58,13.34,13.35,12.65,14.73,12.21,12.84
hsa-miR-25*,10.95,12.61,11.96,11.48,12.67,12.54,,,,,,
hsa-miR-26a,23.59,23.66,23.71,24.05,23.83,23.98,16.36,16.90,16.17,18.90,15.98,16.46
hsa-miR-26a-1*,9.43,9.12,9.32,9.92,9.55,9.44,6.13,7.33,7.60,8.29,5.89,6.94
hsa-miR-26a-2*,,,,,,,,,,,,
hsa-miR-26b,23.01,22.72,22.17,22.73,22.32,22.97,12.50,13.51,11.61,14.07,11.99,12.13
hsa-miR-26b*,13.04,12.84,12.65,13.15,12.94,13.39,7.31,7.00,6.75,8.77,6.95,7.66
hsa-miR-27a,19.53,19.80,19.37,20.03,19.98,19.88,16.49,16.48,16.04,18.77,16.14,16.22
hsa-miR-27b,18.08,18.39,18.36,18.65,18.75,18.75,15.09,15.13,15.07,17.20,14.81,15.24
hsa-miR-27b*,7.23,7.80,6.99,7.71,7.21,7.26,,,,7.25,,
hsa-miR-28-3p,13.39,13.92,14.37,14.16,13.81,13.77,11.30,11.30,11.37,13.00,10.68,11.50
hsa-miR-28-5p,14.54,15.21,15.10,15.30,14.81,14.86,10.44,11.74,10.47,13.36,10.64,10.12
hsa-miR-296-3p,,,,,,,,,,,,
hsa-miR-296-5p,13.80,15.81,15.55,14.97,15.84,16.41,,,,,,
hsa-miR-297,,,,,,,,,,,,
hsa-miR-298,,,,,,,,,,,,
hsa-miR-299-3p,,,,,,,,,,,,
hsa-miR-299-5p,,,,5.10,6.01,,,,,9.75,5.02,5.65
hsa-miR-29a,15.16,15.86,15.67,15.76,16.12,15.82,9.28,10.73,7.46,10.00,9.84,7.66
hsa-miR-29a*,12.23,12.02,12.11,12.42,12.12,12.24,6.59,7.45,8.10,8.91,7.16,7.97
hsa-miR-29b,19.48,20.46,19.59,19.55,20.15,19.93,9.11,10.81,7.60,9.93,9.46,8.13
hsa-miR-29b-1*,14.34,14.82,14.95,14.74,14.96,14.56,5.96,5.87,6.65,7.53,6.40,6.93
hsa-miR-29b-2*,16.19,16.75,16.15,16.30,16.54,16.10,6.27,7.60,6.66,8.07,6.42,
hsa-miR-29c,19.50,20.55,20.06,20.36,20.81,20.33,10.41,11.89,8.94,11.53,10.82,9.08
hsa-miR-29c*,12.11,13.37,13.18,12.26,13.43,13.45,5.42,6.54,,6.74,,5.04
hsa-miR-300,5.03,,,,5.90,,,,5.75,,,
hsa-miR-301a,19.90,20.42,20.00,20.47,20.18,20.47,11.22,11.94,10.97,13.64,10.90,11.82
hsa-miR-301b,12.14,13.58,13.30,13.48,13.05,13.73,8.31,8.29,6.64,9.10,6.46,8.27
hsa-miR-302a,,,,,,,,,,,,
hsa-miR-302a*,,,,,,,,,,,,
hsa-miR-302b,,,,,,,,,,,,
hsa-miR-302c,,,,,,,,,,,,
hsa-miR-302c*,,,,,,,,,,,,
hsa-miR-302d,,,,,,,,,,,,
hsa-miR-302d*,,,,,,,,,,,,
hsa-miR-302e,,,,,,,,,,,,
hsa-miR-30a,12.72,14.36,11.76,12.33,11.83,12.68,7.76,6.83,6.59,9.39,7.12,8.12
hsa-miR-30a*,12.69,12.94,12.15,12.73,12.55,12.78,6.63,6.98,6.51,9.05,6.90,7.30
hsa-miR-30b,23.19,23.12,23.07,23.35,23.22,23.45,13.79,14.32,13.39,15.84,13.22,13.65
hsa-miR-30b*,,7.38,6.98,5.80,7.87,7.10,,5.77,,,,
hsa-miR-30c,22.80,22.84,22.82,23.25,23.04,23.22,12.81,14.10,13.03,15.94,13.38,13.23
hsa-miR-30c-1*,,7.15,7.05,,7.02,7.83,,,,,,
hsa-miR-30c-2*,,7.10,5.75,,6.65,5.50,,,,,,
hsa-miR-30d,20.37,19.99,20.15,20.66,20.03,20.36,12.80,13.20,12.56,14.92,12.51,13.16
hsa-miR-30d*,9.79,10.53,10.37,10.16,10.48,10.94,6.63,5.90,6.00,8.35,6.80,6.63
hsa-miR-30e,19.43,19.94,19.91,19.86,20.09,20.42,11.58,11.38,10.66,12.40,11.07,11.74
hsa-miR-30e*,16.98,17.25,16.88,17.34,17.56,17.48,10.13,10.90,10.23,12.47,9.91,10.50
hsa-miR-31,6.54,9.30,9.30,9.68,8.71,7.69,,,,,,
hsa-miR-31*,,6.14,5.88,,,,,,,,,
hsa-miR-32,19.50,21.29,20.39,19.95,20.62,21.70,11.31,11.73,7.98,8.90,10.39,9.94
hsa-miR-320a,23.20,22.95,22.85,23.14,22.97,23.31,15.68,15.25,15.62,16.82,14.97,15.45
hsa-miR-320b,22.84,22.78,22.67,23.15,22.82,23.32,15.08,14.97,15.57,16.57,14.65,15.24
hsa-miR-323-3p,,,5.76,6.68,6.31,,8.47,6.47,6.32,10.48,7.51,6.69
hsa-miR-323-5p,,,,,,,,,,,,
hsa-miR-324-3p,18.30,19.40,18.74,,19.23,19.20,9.80,10.44,9.08,10.68,9.91,8.91
hsa-miR-324-5p,18.48,18.53,18.61,19.11,18.67,18.83,10.93,11.49,10.44,12.03,10.48,10.17
hsa-miR-325,,,,,,,,,,,,
hsa-miR-326,10.76,11.76,11.28,10.82,11.19,11.94,8.51,10.43,8.28,8.78,9.68,9.03
hsa-miR-328,15.35,15.72,15.70,16.19,15.35,15.75,11.68,11.54,11.07,13.03,10.58,11.30
hsa-miR-329,5.08,,6.04,7.62,6.71,,8.21,7.09,7.18,9.72,9.06,8.19
hsa-miR-330-3p,10.32,10.91,10.79,10.93,10.06,10.74,7.65,8.36,7.56,9.67,7.34,7.81
hsa-miR-330-5p,11.20,11.89,11.89,11.99,11.98,12.19,,,,5.28,,
hsa-miR-331-3p,18.27,19.48,19.42,19.21,19.31,19.71,11.35,12.01,11.21,12.14,10.90,11.50
hsa-miR-331-5p,,7.02,6.67,6.75,6.56,7.22,5.19,5.74,6.04,6.81,,5.76
hsa-miR-335,16.01,16.88,16.24,15.97,16.51,16.74,12.15,12.18,10.62,12.56,11.44,10.91
hsa-miR-335*,5.74,,5.04,5.45,5.12,5.49,,,,5.52,,
hsa-miR-337-3p,,,5.09,5.01,,,8.24,5.54,6.19,9.34,7.17,6.27
hsa-miR-337-5p,,,,,,,5.88,,,6.91,5.66,
hsa-miR-338-3p,6.80,13.35,10.58,10.26,12.96,10.95,9.78,11.70,9.02,10.84,10.78,9.27
hsa-miR-338-5p,5.23,7.49,5.36,7.62,7.35,5.00,,5.83,5.83,6.78,,
hsa-miR-339-3p,14.14,13.35,14.27,14.95,14.97,15.29,9.41,8.39,9.79,11.54,9.60,10.00
hsa-miR-339-5p,16.73,16.16,16.64,17.31,16.49,17.18,9.82,10.44,10.36,12.45,10.06,10.21
hsa-miR-33a,5.56,11.32,11.39,8.39,11.14,12.05,11.53,11.91,9.17,8.35,11.03,9.76
hsa-miR-33a*,11.17,10.60,11.82,11.89,11.17,,6.78,6.87,6.50,8.79,5.71,6.64
hsa-miR-33b,9.59,13.49,13.06,11.59,13.26,14.03,,6.22,,,,
hsa-miR-33b*,9.08,8.72,8.94,9.61,8.72,9.30,,,,,,
hsa-miR-340,14.61,15.48,14.93,14.97,15.67,15.87,7.76,9.02,5.78,9.63,8.09,7.60
hsa-miR-340*,13.94,13.89,13.97,14.54,13.98,14.14,7.58,8.84,7.41,10.66,7.21,7.29
hsa-miR-342-3p,16.70,16.32,16.06,16.57,15.79,16.40,11.25,11.27,11.20,13.58,11.54,11.77
hsa-miR-342-5p,14.26,14.64,14.27,14.87,14.27,14.73,6.54,6.70,6.30,7.36,6.22,5.02
hsa-miR-345,14.85,15.44,15.81,15.69,15.71,15.82,8.17,8.25,7.94,8.58,8.00,7.17
hsa-miR-346,9.34,8.86,6.63,9.06,9.12,8.75,9.44,7.83,11.05,8.75,8.00,7.34
hsa-miR-34a,7.96,11.22,8.76,8.19,10.01,10.21,5.85,6.09,,,,
hsa-miR-34a*,8.22,8.98,5.68,8.34,7.95,7.96,5.02,,,,,
hsa-miR-34b,5.88,6.58,,5.24,5.34,,,,,,,
hsa-miR-34b*,,,,,,,,,,,,
hsa-miR-34c-3p,,5.95,,,,5.01,,,,,,
hsa-miR-34c-5p,,,,,,,,,,,,
hsa-miR-361-3p,11.95,14.56,13.53,12.82,14.60,14.80,7.10,8.32,5.08,7.99,7.23,5.91
hsa-miR-361-5p,12.05,12.27,11.96,12.68,11.67,12.11,,5.71,,8.17,5.00,6.24
hsa-miR-362-3p,10.40,12.26,12.42,11.47,12.12,13.31,,,,,,
hsa-miR-362-5p,16.80,16.37,16.28,16.99,16.70,16.94,,,,5.62,,
hsa-miR-363,19.71,21.58,20.85,20.27,21.30,21.49,9.14,10.22,6.91,9.17,8.25,8.30
hsa-miR-363*,,7.81,7.61,6.55,6.84,7.78,,,,,,
hsa-miR-365,10.76,12.50,12.28,11.08,12.28,12.37,5.45,,,,5.91,
hsa-miR-365*,,,,5.52,,,,,,,,
hsa-miR-367,,,,,,,,,,,,
hsa-miR-369-5p,,,5.19,6.32,5.49,,7.56,5.52,7.20,10.51,7.49,6.59
hsa-miR-370,,5.38,5.78,,6.26,,7.23,5.20,7.21,8.56,6.87,
hsa-miR-371-3p,,,,,,,,,,,,
hsa-miR-371-5p,,,,,,,,,,,,
hsa-miR-372,,,,,,,,,,,,
hsa-miR-373,,6.58,,,,5.40,,,,,,
hsa-miR-373*,,,5.25,,,,,,,,,
hsa-miR-374a,21.79,22.11,21.76,21.80,21.84,22.24,10.52,12.14,10.70,13.89,10.98,10.87
hsa-miR-374b,20.59,20.78,20.23,20.76,20.81,21.09,12.14,13.13,11.81,15.00,12.13,12.01
hsa-miR-374b*,7.04,8.46,7.57,7.20,8.89,8.11,,,,,,
hsa-miR-375,8.77,7.90,8.04,9.05,8.78,8.54,5.69,5.41,5.48,6.44,,
hsa-miR-376a,8.17,7.42,9.17,10.04,9.78,8.43,12.37,9.75,10.99,13.85,11.82,10.52
hsa-miR-376a*,,,,,,,,,,7.88,,
hsa-miR-376b,5.04,5.24,6.13,5.68,7.54,,9.30,7.96,7.39,9.84,9.00,5.98
hsa-miR-376c,8.35,7.93,8.93,10.19,10.06,7.91,12.17,9.61,10.68,14.34,11.58,10.40
hsa-miR-377,,,,,,,6.37,6.20,,5.70,7.68,
hsa-miR-378,18.37,18.80,18.53,18.72,18.66,18.84,9.26,9.79,9.12,10.95,9.00,9.47
hsa-miR-378*,13.41,14.67,14.34,14.24,14.26,14.68,,5.32,,,5.14,
hsa-miR-379,,,5.04,6.75,6.82,,7.21,5.92,7.24,10.64,7.02,6.18
hsa-miR-379*,5.08,,,6.41,5.75,,6.37,5.13,6.94,10.08,7.18,5.78
hsa-miR-380,,,,,,,,,,5.89,,
hsa-miR-380*,,,,,,,,,,5.14,,
hsa-miR-381,,,,,,,,,,6.08,5.62,
hsa-miR-382,7.09,,6.93,8.98,8.17,,11.09,7.98,10.31,13.17,9.94,9.54
hsa-miR-383,,,,,,,,,,,,
hsa-miR-384,,,,,,,,,,,,
hsa-miR-409-3p,7.33,7.14,7.18,8.54,8.68,5.97,11.19,8.47,10.79,13.35,10.05,9.57
hsa-miR-409-5p,,,,,,,5.25,,5.21,8.67,5.54,
hsa-miR-410,,6.49,6.28,6.21,7.26,,9.53,7.83,8.40,10.97,9.10,7.91
hsa-miR-411,,,6.39,8.40,7.92,6.03,7.72,,7.03,11.35,7.50,6.68
hsa-miR-411*,,6.71,5.15,5.71,6.08,,5.34,,6.27,9.28,6.42,5.02
hsa-miR-412,,,,,,,,,,,,
hsa-miR-421,16.55,16.34,16.32,16.88,16.55,17.01,9.41,9.36,9.03,11.76,8.83,10.64
hsa-miR-422a,8.38,8.62,5.66,8.02,7.69,6.94,,,,,,
hsa-miR-423-3p,18.27,18.95,18.71,19.04,19.10,19.38,12.86,13.64,12.40,14.45,12.99,12.73
hsa-miR-423-5p,17.23,18.77,18.82,17.90,18.84,19.01,10.70,11.13,10.33,11.48,10.67,10.90
hsa-miR-423-5p,17.32,18.62,18.42,17.88,18.64,18.90,10.61,11.23,9.51,11.26,9.91,10.33
hsa-miR-424,15.89,20.53,18.89,16.98,20.21,19.86,9.63,12.30,8.01,11.34,10.99,9.49
hsa-miR-424*,9.92,12.07,12.31,10.97,11.97,12.01,,,,,,
hsa-miR-425,21.03,22.10,21.67,21.77,22.00,22.21,12.26,13.78,12.03,14.46,12.68,12.07
hsa-miR-425*,16.29,17.09,16.71,16.89,16.97,17.24,10.08,10.82,10.49,11.43,10.10,10.55
hsa-miR-429,7.50,8.15,7.05,8.13,7.54,7.84,,,,7.18,,
hsa-miR-431,,5.39,5.97,6.67,6.78,5.88,8.62,5.78,7.59,10.71,7.76,6.77
hsa-miR-431*,,,,,,,,,5.46,,,5.15
hsa-miR-432,,,,6.76,5.62,,8.93,5.87,8.57,11.02,8.39,7.49
hsa-miR-432*,,,,,,,,,,,,
hsa-miR-433,,,,5.32,,,6.38,,5.31,7.96,6.33,
hsa-miR-448,,,,,,,,,,,,
hsa-miR-449a,10.70,11.12,11.67,11.60,12.84,12.11,,,,,,
hsa-miR-449b,7.30,8.16,8.20,7.41,9.48,8.73,,,,,,
hsa-miR-449b*,5.10,5.78,,5.94,,5.39,,,,,,
hsa-miR-450a,11.28,13.49,12.80,12.82,13.16,13.45,,6.48,,7.86,5.59,6.45
hsa-miR-450b-3p,,6.53,6.05,,7.01,5.69,,,,,,
hsa-miR-450b-5p,8.17,10.40,9.47,9.50,9.73,9.55,,,,,,
hsa-miR-451,31.11,31.80,31.32,31.41,31.71,32.08,18.69,19.71,15.53,16.72,17.06,16.07
hsa-miR-452,5.93,5.27,,5.34,5.58,,6.74,,5.23,9.77,,6.84
hsa-miR-452*,,,,,,,,,,,,
hsa-miR-453,,,,,,,,,,,,
hsa-miR-454,20.53,20.30,20.21,20.84,19.87,20.51,7.44,8.37,7.92,10.52,7.18,8.09
hsa-miR-454*,12.89,12.55,12.57,13.09,12.47,12.94,,,5.25,6.75,5.53,5.79
hsa-miR-455-3p,,6.19,,5.73,,,,,,,,
hsa-miR-455-5p,,,,,,,,,,,,
hsa-miR-483-3p,8.45,8.30,9.27,8.56,7.96,8.98,,,,,,
hsa-miR-484,22.50,22.42,22.06,22.50,22.06,22.44,14.15,13.92,13.13,14.85,13.17,13.52
hsa-miR-485-3p,5.07,6.98,7.77,7.01,8.10,5.94,9.91,8.22,9.00,10.73,8.75,9.02
hsa-miR-486-3p,15.78,16.24,16.35,16.03,15.64,15.96,5.64,5.57,,5.92,,
hsa-miR-486-5p,26.05,25.94,25.74,26.34,25.95,26.30,15.67,15.21,13.97,15.87,13.51,14.72
hsa-miR-487a,,,,,,,,,,6.07,5.50,
hsa-miR-487b,,,,,5.16,,6.49,,5.04,7.53,6.02,
hsa-miR-488,,,,,,,,,,,,
hsa-miR-488*,,,,,,,,,,,,
hsa-miR-489,,,,,,,,,,,,
hsa-miR-490-3p,6.48,6.27,5.80,6.62,5.66,5.77,7.07,6.11,,6.15,,
hsa-miR-490-5p,,,,,,,,,,,,
hsa-miR-491-3p,,5.81,,6.22,,5.35,,,,,,
hsa-miR-491-5p,12.49,13.30,13.12,13.68,13.55,13.29,7.55,9.02,8.11,9.50,7.53,8.16
hsa-miR-492,,,,,,,,,,,,
hsa-miR-493,,5.89,,,6.60,,7.07,,6.29,9.13,5.96,
hsa-miR-493*,,,,,5.14,,6.15,,6.22,8.41,6.52,5.76
hsa-miR-494,,,,,,,6.31,,,7.38,5.79,
hsa-miR-495,,6.89,6.90,5.67,7.22,5.33,10.30,8.34,8.14,10.04,9.60,7.81
hsa-miR-496,,,,5.24,5.03,,6.65,5.23,5.19,7.64,7.03,6.22
hsa-miR-497,7.36,10.20,9.79,7.69,9.88,10.43,5.76,7.43,,5.75,,
hsa-miR-498,,,,,,,,,,,,
hsa-miR-499-3p,,,,6.48,,,,,,,,
hsa-miR-499-5p,5.88,9.23,7.16,6.19,9.28,8.19,,,,,,
hsa-miR-500,17.92,18.19,17.83,18.04,17.89,18.19,5.87,6.31,,6.57,,
hsa-miR-501-3p,13.71,14.91,15.19,14.51,14.97,15.79,5.71,7.09,5.60,7.22,,5.98
hsa-miR-501-5p,17.37,17.38,16.90,17.34,17.12,17.34,5.77,,,7.66,,
hsa-miR-502-3p,15.14,16.66,16.98,15.86,16.57,17.61,6.95,7.80,6.18,7.43,7.95,6.85
hsa-miR-502-5p,16.16,17.10,16.67,16.73,16.93,17.17,7.07,7.19,5.95,6.77,6.20,6.19
hsa-miR-503,11.33,12.83,12.59,11.88,12.32,12.82,7.23,8.93,6.35,8.08,7.38,6.71
hsa-miR-504,,,,,,,,,,,,
hsa-miR-505,15.81,15.41,15.80,16.59,15.98,16.13,9.40,9.76,9.30,11.62,9.00,9.72
hsa-miR-505*,14.22,14.73,14.87,14.87,14.68,15.11,6.09,6.20,5.96,7.22,5.92,5.83
hsa-miR-506,,,,,,,,,,,,
hsa-miR-508-3p,,,,,,,,,,,,
hsa-miR-508-5p,,,,,,,,,,,,
hsa-miR-509-3-5p,,,,,5.09,,,,,,,
hsa-miR-509-3p,6.50,6.32,6.61,7.06,9.11,7.32,,,5.86,,6.09,
hsa-miR-510,,,,,,,,,,,,
hsa-miR-511,6.06,6.76,5.22,6.70,5.85,6.17,,,,,,
hsa-miR-512-3p,,,,,,,,,,,,
hsa-miR-512-5p,,,,,,,,,,,,
hsa-miR-513a-3p,,,,,,,,,,,,
hsa-miR-513a-5p,,,,,,,,,,,,
hsa-miR-513c,,,,,,,,,,,,
hsa-miR-514,5.34,5.87,5.68,5.31,5.61,6.15,,,,,,
hsa-miR-515-3p,,,,,,,,,,,,
hsa-miR-515-5p,,,,,,,,,,,,
hsa-miR-516a-3p,,,,,,,,,,,,
hsa-miR-516a-5p,,,,,,,,,,,,
hsa-miR-516b,,,,,,,,,,,,
hsa-miR-517*,,,,,,,,,,,,
hsa-miR-517a,8.94,6.12,5.70,5.44,,5.46,,,,,,
hsa-miR-517b,8.69,5.99,,5.28,,6.04,,,,,,
hsa-miR-517c,9.74,7.28,6.07,6.34,5.61,6.24,,,,,,
hsa-miR-518a-3p,7.25,,,5.96,,,,,,,,
hsa-miR-518a-5p,,,,,,,,,,,,
hsa-miR-518b,8.25,,5.40,5.77,,6.16,,,,,,
hsa-miR-518c,7.45,,,,,,,,,,,
hsa-miR-518c*,,,,,,,,,,,,
hsa-miR-518d-3p,,,,,,,,,,,,
hsa-miR-518d-5p,,,,,,,,,,,,
hsa-miR-518e,,,5.02,,,,,,,,,
hsa-miR-518e*,,6.76,5.08,,5.01,5.22,,,,,,
hsa-miR-518f,9.72,6.01,,,,5.17,,,,,,
hsa-miR-518f*,,,,,,,,,,,,
hsa-miR-519a,6.83,6.39,,,,,,,,,,
hsa-miR-519b-3p,8.31,,,,,,,,,,,
hsa-miR-519c-3p,7.11,,,,,,,,,,,
hsa-miR-519d,9.32,5.35,,,,,,,,,,
hsa-miR-519e,,,,,,,,,,,,
hsa-miR-519e*,,,,,,,,,,,,
hsa-miR-520a-3p,,,,,,,,,,,,
hsa-miR-520a-5p,,,,,,,,,,,,
hsa-miR-520b,9.89,7.12,5.29,6.40,5.20,6.25,,,,,,
hsa-miR-520c-3p,9.46,6.77,5.41,,5.04,6.24,,,,,,
hsa-miR-520d-3p,5.33,,,,,,,,,,,
hsa-miR-520d-5p,,,,,,,,,,,,
hsa-miR-520e,7.27,,,,,,,,,,,
hsa-miR-520f,8.89,6.94,7.06,5.53,,5.05,,,,,,
hsa-miR-520g,7.38,,,,,5.65,,,,,,
hsa-miR-520h,8.65,5.60,5.71,5.91,5.20,7.03,,,,,,
hsa-miR-521,,,,,,,,,,,,
hsa-miR-522,,,,,,,,,,,,
hsa-miR-523,5.09,,,,,,,,,,,
hsa-miR-524-3p,,,,,,,,,,,,
hsa-miR-524-5p,,,,,7.09,,,,,,,
hsa-miR-525-3p,7.95,,,,,,,,,,,
hsa-miR-525-5p,,,,,,,,,,,,
hsa-miR-526b,5.73,,,,,,5.10,,,,,
hsa-miR-526b*,8.43,,5.17,,,5.11,,,,,,
hsa-miR-532-3p,18.09,18.32,18.24,18.57,18.46,18.65,8.37,8.84,8.41,10.09,6.65,8.16
hsa-miR-532-5p,18.54,18.77,18.37,18.93,18.79,18.90,9.07,8.98,8.31,10.27,8.28,9.04
hsa-miR-539,,,,,,,,,,7.85,,
hsa-miR-541,,,,,,,,,,,,
hsa-miR-541*,,,,,,5.57,,,,,,
hsa-miR-542-5p,7.06,11.43,11.21,9.70,11.17,11.24,,5.42,,,5.64,5.16
hsa-miR-543,,5.97,6.88,6.05,6.90,6.59,9.64,7.24,7.65,10.59,8.92,7.60
hsa-miR-544,,,,,,,,,,,,
hsa-miR-545,14.08,15.82,15.28,14.29,15.06,15.78,5.86,7.70,,6.56,6.43,5.66
hsa-miR-548a-5p,,6.20,5.70,5.33,6.66,5.36,6.00,5.57,,8.24,,5.59
hsa-miR-548b-3p,,5.86,5.83,5.27,5.75,5.81,,,,,,
hsa-miR-548c-3p,,,,,,,,,,,,
hsa-miR-548c-5p,12.19,12.41,12.26,12.93,12.96,13.11,6.67,10.14,8.47,11.93,9.09,9.76
hsa-miR-548d-5p,10.69,10.90,11.41,12.08,11.85,11.91,,,,5.94,,
hsa-miR-548h,,,,,,,,,,,,
hsa-miR-548i,6.87,8.39,8.31,8.00,8.48,8.38,,,,,,
hsa-miR-548j,,,12.57,,13.17,12.86,,,5.41,,6.60,6.30
hsa-miR-548k,10.84,12.32,12.35,11.89,12.49,12.66,,,,6.72,,
hsa-miR-548l,,6.71,6.24,6.18,7.18,7.35,,,,,,
hsa-miR-548m,,,,,,,,,,,,
hsa-miR-548o,7.71,11.20,10.13,8.51,11.21,11.20,5.63,5.36,,,,
hsa-miR-549,,,,,,,,,,,,
hsa-miR-550,13.74,14.09,13.85,14.96,14.17,14.68,,5.35,,5.49,5.44,
hsa-miR-550*,17.72,17.98,18.04,18.81,18.01,18.82,5.98,7.29,5.80,7.81,5.93,5.50
hsa-miR-551a,8.01,9.61,8.60,9.66,9.62,9.28,5.69,,,5.58,6.13,
hsa-miR-551b,8.25,9.73,9.15,8.73,8.97,9.16,7.61,9.70,7.50,9.29,8.16,7.71
hsa-miR-551b*,,,,,,,,,,,,
hsa-miR-552,,5.02,,6.07,6.06,,,,,,,
hsa-miR-553,,,,,,,,,,,,
hsa-miR-554,,,,,,,,,,,,
hsa-miR-555,,,,,,,,,,,,
hsa-miR-556-3p,,,,,5.19,,,,,,,
hsa-miR-556-5p,6.09,6.76,6.13,6.24,7.08,6.68,,,,,,
hsa-miR-557,,,,,,,,,,,,
hsa-miR-558,,,,,,,,,,,,
hsa-miR-561,,5.28,,,5.84,6.64,,,,,,
hsa-miR-562,,,,,,,5.02,,,,,
hsa-miR-564,,,,,5.23,5.48,,,5.51,,5.47,5.63
hsa-miR-566,,,,,,,,,,,,
hsa-miR-567,,,,,,,,,,,,
hsa-miR-570,12.33,13.81,12.69,12.56,13.87,14.75,6.28,5.73,,6.94,5.42,5.45
hsa-miR-571,,,,,,,,,,,,
hsa-miR-572,9.16,8.52,8.75,9.58,9.73,7.46,,6.00,6.75,7.63,6.55,9.02
hsa-miR-573,,,,,,,,,,,,
hsa-miR-574-3p,16.85,16.02,15.97,16.86,16.00,16.27,11.59,11.09,10.49,13.03,10.16,10.97
hsa-miR-576-3p,11.87,12.73,12.34,12.45,12.99,13.31,5.96,,6.26,6.85,,6.90
hsa-miR-576-5p,14.67,16.19,15.59,15.28,16.00,16.37,5.08,7.04,,7.37,,
hsa-miR-577,,5.10,7.29,5.10,5.85,,5.60,,5.14,,,6.10
hsa-miR-578,,,,,,,,,,,,
hsa-miR-579,11.43,13.19,12.39,11.74,12.87,13.51,,5.69,,,,
hsa-miR-580,11.71,11.81,10.99,11.99,11.65,11.61,,,,,,
hsa-miR-582-3p,5.80,5.67,,6.73,6.35,5.08,,,,,,
hsa-miR-582-5p,11.11,11.97,10.57,12.01,11.62,11.30,,,,,,
hsa-miR-583,,,,,,,,,,,,
hsa-miR-584,16.00,16.02,15.50,16.97,15.79,16.92,10.56,10.62,10.26,12.93,9.95,10.91
hsa-miR-586,,,,,,,,,,,,
hsa-miR-587,,,,,,,,,,,,
hsa-miR-588,,,,,5.11,,,,,,,
hsa-miR-589,13.77,14.02,13.55,14.09,13.25,13.95,,,5.20,8.02,,6.38
hsa-miR-589*,11.29,10.31,11.27,11.66,10.61,11.89,,,,6.68,,5.59
hsa-miR-590-5p,20.25,20.17,19.74,20.53,19.86,20.24,11.95,12.43,12.04,14.48,11.86,12.24
hsa-miR-591,,,,,,,,,,,,
hsa-miR-592,,5.26,,,6.60,5.81,,,,,,
hsa-miR-593,,5.32,,,,5.00,,,,,,
hsa-miR-593*,,,,,,,,,,,,
hsa-miR-595,,,,,,,,,,,,
hsa-miR-596,,,,,5.38,,,,,,,
hsa-miR-597,,,,,,,,,,,,
hsa-miR-598,15.90,15.86,15.64,16.04,15.71,16.30,9.17,8.02,8.63,11.48,7.45,9.65
hsa-miR-599,,,,,,,,,,,,
hsa-miR-600,,,,,,,,,,,,
hsa-miR-601,,,,,,,,,,,,
hsa-miR-602,,,,,,,,,,,,
hsa-miR-603,,5.87,5.39,,6.30,,,,,,,
hsa-miR-604,,7.29,6.66,5.64,7.28,7.05,,,,,,
hsa-miR-605,13.58,13.24,12.40,12.83,13.88,13.32,6.37,6.68,,6.67,5.77,
hsa-miR-607,7.65,7.81,7.97,7.27,7.80,9.13,,,,,,
hsa-miR-608,,,,,,,,,,,,
hsa-miR-609,,5.97,6.72,5.97,5.52,5.24,,,,,,
hsa-miR-610,11.74,11.74,11.58,11.86,11.86,11.89,,,,,,
hsa-miR-611,,,,,,,,,,,,
hsa-miR-612,,7.19,,,6.56,,,,,,,
hsa-miR-614,,,,,,,,,,,,
hsa-miR-615-3p,5.25,6.20,5.03,,5.00,,,,,5.07,,
hsa-miR-615-5p,,,,,,,,,,,,
hsa-miR-616,8.75,7.26,7.60,8.71,7.99,7.95,,,,5.44,,
hsa-miR-616*,10.88,11.51,11.62,11.07,11.66,12.15,,,,5.89,,
hsa-miR-617,,,,,,,,,,,,
hsa-miR-619,,,,,,,5.48,,,,,
hsa-miR-620,,,,,,,,,,,,
hsa-miR-621,,,,,,,,,,,,
hsa-miR-622,,6.36,,5.78,6.02,5.30,,,,,,
hsa-miR-623,,6.22,,,5.85,,,,,,,
hsa-miR-624*,16.09,16.75,16.20,16.26,16.84,17.22,7.37,5.40,,6.82,,5.82
hsa-miR-625*,14.82,15.05,14.89,15.62,15.06,15.22,8.91,9.27,9.05,10.90,8.69,11.05
hsa-miR-626,,,,,,,,,,,,
hsa-miR-627,15.40,15.44,15.13,15.80,15.58,15.70,6.91,6.67,6.68,8.60,6.61,7.79
hsa-miR-628-3p,15.13,14.98,14.92,15.23,14.68,15.22,8.73,8.73,8.59,10.60,7.37,8.60
hsa-miR-628-5p,11.09,10.80,11.07,11.17,10.71,10.71,,,5.75,6.66,,
hsa-miR-629,15.71,16.73,16.36,16.93,17.07,17.08,6.95,8.09,5.86,8.33,,7.10
hsa-miR-629*,11.88,11.74,11.61,12.10,11.55,12.07,5.46,,6.06,7.01,5.57,
hsa-miR-630,,,,,,,,,,,,
hsa-miR-631,,,,,,,,,,,,
hsa-miR-632,,,,,,,,,,,,
hsa-miR-634,,,,,,,,,,5.07,,
hsa-miR-636,14.03,14.14,14.07,14.61,13.95,14.21,,,5.12,,,6.19
hsa-miR-637,,,,,,,,,,,,
hsa-miR-638,10.98,10.88,9.97,10.98,11.49,11.92,,6.80,6.21,5.87,5.98,
hsa-miR-639,,,,,,5.05,,,,,,
hsa-miR-640,,,,,,,,,,,,
hsa-miR-641,8.97,10.02,10.09,9.26,10.06,10.62,,,,6.36,,5.04
hsa-miR-642,,5.81,5.60,5.23,7.00,,,,6.39,,,
hsa-miR-643,11.83,12.35,11.86,12.18,12.08,12.27,,,,,,
hsa-miR-645,,,,,,,,,,,,
hsa-miR-646,,,,,,,,,,,,
hsa-miR-647,9.62,,,,,,,,,,,
hsa-miR-649,,,,,,,,,,,,
hsa-miR-650,6.10,6.49,6.35,6.13,5.81,,6.93,5.24,6.96,5.78,6.59,
hsa-miR-651,9.01,12.51,11.04,10.53,13.03,12.66,5.32,5.09,,,,
hsa-miR-652,18.38,20.31,19.85,19.27,20.29,20.68,11.70,12.98,10.59,12.64,11.62,10.89
hsa-miR-653,,,,,,,,,,,,
hsa-miR-654-3p,5.06,7.44,7.31,6.71,7.79,6.84,8.38,5.96,7.19,10.50,8.12,6.03
hsa-miR-654-5p,,,,5.25,,,6.04,,6.14,8.70,5.23,
hsa-miR-658,,,,,,,,,,,,
hsa-miR-659,,,,,,,,,,,,
hsa-miR-660,17.63,19.06,18.52,17.97,18.79,19.22,8.28,8.84,5.98,8.57,6.93,7.05
hsa-miR-661,,,,,,,,,,,,
hsa-miR-662,,5.82,,5.04,,5.01,,,,,,
hsa-miR-663,6.77,8.89,6.94,6.58,8.91,9.01,5.45,5.94,,5.60,,
hsa-miR-663b,,6.10,5.73,,7.18,6.63,,,,,,
hsa-miR-664,15.42,15.63,15.18,15.81,15.06,15.43,7.81,9.27,8.43,11.08,7.99,8.67
hsa-miR-665,6.11,9.43,8.20,5.99,9.68,8.27,5.48,,,5.64,5.05,
hsa-miR-668,,5.75,,,,,5.14,,,,,
hsa-miR-671-3p,5.17,6.34,6.88,6.75,6.80,6.43,5.41,5.19,,7.01,,6.14
hsa-miR-671-5p,8.13,9.71,8.22,8.95,9.10,8.96,6.19,6.50,5.15,5.46,5.49,5.89
hsa-miR-675*,5.23,5.07,,,,,,,,,,
hsa-miR-675b,,,,,,,,,,,,
hsa-miR-7,16.36,18.60,18.11,17.26,19.11,17.74,5.85,6.72,5.43,6.80,5.16,
hsa-miR-708,,,,5.69,,,,,,,,
hsa-miR-708*,,,,,,,,,,,,
hsa-miR-7-1*,14.29,14.09,14.08,14.71,14.09,14.91,5.97,6.89,6.73,9.40,6.25,7.40
hsa-miR-7-2*,6.92,6.20,6.11,5.19,6.04,6.79,,,,5.20,,
hsa-miR-720,18.13,18.85,17.65,18.27,18.74,18.14,13.08,13.37,13.06,13.79,12.80,12.83
hsa-miR-744,13.53,14.01,14.09,14.31,14.59,14.42,9.06,9.39,9.15,10.69,8.82,9.26
hsa-miR-744*,8.73,8.75,9.36,9.90,9.38,9.52,7.32,7.60,6.03,7.52,6.76,6.35
hsa-miR-758,,5.09,,6.99,6.07,,,,5.76,8.59,5.02,
hsa-miR-760,,,,5.41,5.69,5.46,5.09,,,5.54,,
hsa-miR-765,,,,,5.17,5.05,,,,,,
hsa-miR-766,13.06,13.02,12.95,13.83,13.20,13.31,11.20,11.15,11.14,12.81,10.49,11.54
hsa-miR-767-3p,,,,,,,,,,,,
hsa-miR-767-5p,,,,,,,,,,,,
hsa-miR-769-3p,5.25,9.76,8.61,7.13,8.99,8.83,,,,,,
hsa-miR-769-5p,9.68,11.66,11.64,10.69,11.38,11.35,7.25,8.04,7.23,7.88,6.88,7.55
hsa-miR-770-5p,,,,,,,,,,,,
hsa-miR-802,,,,,6.08,5.20,,,,,,
hsa-miR-873,,,,,,,,,,,,
hsa-miR-875-3p,,,,,,,,,,,,
hsa-miR-875-5p,,,,,,,,,,,,
hsa-miR-876-3p,,,,,,,,,,,,
hsa-miR-876-5p,,,,5.22,,5.61,,,,,,
hsa-miR-877,13.33,13.80,13.37,13.95,13.57,13.81,,7.25,7.60,8.89,6.70,6.04
hsa-miR-877*,10.16,9.94,9.68,10.80,9.73,10.02,5.35,5.63,,6.36,,6.53
hsa-miR-885-3p,5.30,6.31,6.84,5.62,7.18,7.01,,5.39,6.43,,5.33,6.74
hsa-miR-885-5p,,6.06,5.42,,5.69,5.90,,,,,,
hsa-miR-886-3p,10.20,11.43,11.57,10.18,11.62,10.73,,,,,,
hsa-miR-886-5p,15.02,14.42,14.86,14.63,13.95,13.83,6.77,5.79,7.52,8.41,6.64,
hsa-miR-887,,,,,5.41,,,,,,,
hsa-miR-888,5.83,,,6.09,,,5.33,5.12,,,,5.62
hsa-miR-888*,,,,,,,,,,,,
hsa-miR-889,,,,,5.69,,5.19,,,7.72,5.77,
hsa-miR-890,,,,,,,,,,,,
hsa-miR-891a,10.02,10.57,10.65,10.16,11.73,11.32,,,,,,
hsa-miR-891b,6.27,8.84,8.41,7.24,8.34,8.69,,,,,,
hsa-miR-892a,,,,,,,,,,,,
hsa-miR-9,10.87,10.97,10.80,11.20,10.65,10.75,,5.30,5.44,8.30,,5.74
hsa-miR-9*,7.11,8.33,7.58,7.88,7.67,7.91,,,,5.77,,
hsa-miR-920,,,5.25,,,,,,,,,
hsa-miR-921,,,,,,,,,,,,
hsa-miR-922,,,,,,,,,,,,
hsa-miR-924,,,,,,,,,,,,
hsa-miR-92a,26.01,26.02,25.70,26.09,26.18,26.14,16.66,16.41,15.37,17.61,15.61,16.18
hsa-miR-92a-1*,9.03,9.37,9.59,9.44,10.02,9.88,,,,6.53,,
hsa-miR-92a-2*,,5.20,5.68,6.13,6.11,,,,,,,
hsa-miR-92b,15.50,15.86,15.68,16.26,15.95,15.94,7.47,7.94,6.67,9.44,7.40,7.61
hsa-miR-92b*,8.93,10.44,10.30,10.62,10.59,10.38,,,,,,
hsa-miR-93,24.17,24.81,24.56,24.68,24.55,25.07,15.39,15.00,14.10,16.65,14.54,14.97
hsa-miR-93*,17.67,17.41,17.72,18.23,17.75,18.25,9.09,8.91,8.77,10.80,8.76,9.60
hsa-miR-933,5.79,5.91,,5.99,6.58,6.35,,,,,,
hsa-miR-934,6.99,6.73,6.54,7.81,6.61,6.53,7.16,6.79,6.66,7.32,6.42,6.59
hsa-miR-936,,,,,5.19,,,,,,,
hsa-miR-937,6.90,7.01,7.06,7.72,6.64,6.80,,,,,,
hsa-miR-938,,,,,,,,,,,,
hsa-miR-940,11.74,12.15,11.54,11.66,12.34,12.56,6.52,7.31,6.08,6.64,7.32,6.08
hsa-miR-941,13.08,12.95,13.46,13.95,13.89,13.92,6.43,,5.62,8.00,6.68,6.01
hsa-miR-942,17.14,17.16,16.87,17.03,17.08,17.26,7.07,6.91,5.65,9.45,6.08,6.73
hsa-miR-943,,6.00,5.90,7.31,7.07,7.05,,,,,,
hsa-miR-95,,8.03,6.11,7.84,,5.99,,,,,,
hsa-miR-96,13.91,17.96,16.51,15.34,17.60,17.04,,,,,,
hsa-miR-96*,,,,5.67,,5.77,,,,,,
hsa-miR-98,13.35,16.17,15.05,14.52,16.18,15.85,5.19,6.98,5.29,6.89,5.58,5.64
hsa-miR-99a,13.45,15.04,13.40,14.06,14.39,14.24,8.30,9.83,7.24,9.50,7.48,7.78
hsa-miR-99a*,,8.87,7.73,6.35,6.71,7.86,,,,,,
hsa-miR-99b,9.36,11.03,10.81,11.20,10.46,10.03,10.90,11.10,11.00,13.08,10.33,9.93
hsa-miR-99b*,,5.73,,5.80,5.69,,6.13,6.08,5.24,8.05,6.13,
hsa-miRPlus-A1027,5.09,,,,,5.36,,,,,,
hsa-miRPlus-A1031,,,7.30,,,,,,5.35,,,5.70
hsa-miRPlus-C1066,,,,,,,,,,,,
hsa-miRPlus-C1070,,,,,,,,,,,,
hsa-miRPlus-C1076,,,,,,,,,,,,
hsa-miRPlus-C1089,,,,,,,,,,,,
hsa-miRPlus-C1100,5.11,5.01,,5.22,,,,,,,,
hsa-miRPlus-D1033,5.16,6.26,5.86,5.05,,5.11,,,,,,
hsa-miRPlus-D1046,6.60,8.99,6.74,7.94,7.80,8.12,,,,,,
hsa-miRPlus-D1061,,,,,,,,,,,,
SNORD38B,10.20,16.20,14.43,12.81,15.04,13.20,,,,,5.09,
SNORD38B,6.43,13.49,14.52,10.02,14.85,13.09,,,,,5.06,
SNORD49A,6.42,15.02,13.71,10.65,13.88,11.91,,,,,,
SNORD49A,7.25,15.01,13.90,9.82,13.80,11.85,,,,,,
U6,5.01,9.30,,,9.60,,,,,,,
U6,5.40,9.83,,,9.69,,,,,,,
UniSp3 IPC,20.08,20.01,20.17,19.95,19.86,20.17,20.08,20.02,20.12,20.07,20.02,20.22
UniSp3 IPC,19.80,19.92,19.98,19.92,20.09,19.98,19.74,19.94,20.04,19.85,19.84,20.11
UniSp3 IPC,19.83,19.97,19.98,20.01,19.97,19.92,20.22,20.03,20.04,20.08,20.06,20.04
UniSp3 IPC,20.12,20.07,19.95,20.13,20.04,20.12,20.18,20.04,20.13,20.08,20.14,19.91
UniSp3 IPC,20.16,20.06,20.09,20.05,20.13,19.96,19.79,20.12,20.00,20.03,19.95,19.89
UniSp3 IPC,20.01,19.98,19.83,19.95,19.90,19.85,19.99,19.85,19.67,19.89,20.00,19.83
UniSp6,17.95,17.00,17.49,17.80,16.62,17.51,17.25,16.89,17.21,17.84,16.72,17.57
UniSp6 CP,17.88,16.80,16.70,17.86,16.14,16.88,17.00,16.66,16.34,17.78,15.74,16.58